{
  "project_info": {
    "project_number": "402678131351",
    "project_id": "login-register-1257b",
    "storage_bucket": "login-register-1257b.appspot.com"
  },
  "client": [
    {
      "client_info": {
        "mobilesdk_app_id": "1:402678131351:android:0b21005fbbaf424555d7d2",
        "android_client_info": {
          "package_name": "com.example.myapplication"
        }
      },
      "oauth_client": [],
      "api_key": [
        {
          "current_key": "AIzaSyBKFCDeeS0yoYozqFMgSUWl0JSc-Ko6eC4"
        }
      ],
      "services": {
        "appinvite_service": {
          "other_platform_oauth_client": []
        }
      }
    }
  ],
  "configuration_version": "1"
}